{
  "success": false,
  "errorMessage": "[scrada] Exhausted send attempts (1) without success: [scrada] Failed to send sales invoice JSON (HTTP 500) : {\"errorCode\":110634,\"errorType\":1,\"defaultFormat\":\"One or more errors occurred.\",\"parameters\":[],\"innerErrors\":[{\"errorCode\":110636,\"errorType\":1,\"defaultFormat\":\"The field 'TotalInclVat' cannot be used on invoice line 1. Please clear this value when isInclVat is False.\",\"parameters\":[\"TotalInclVat\",\"1\",\"False\"],\"innerErrors\":[]}]}",
  "invoiceId": "VIDA-20251108-81F666",
  "externalReference": "VIDA-20251108-81F666",
  "vatVariant": "BE0755799452",
  "attempts": [
    {
      "attempt": 1,
      "channel": "json",
      "vatVariant": "BE0755799452",
      "success": false,
      "statusCode": 500,
      "errorMessage": "[scrada] Failed to send sales invoice JSON (HTTP 500) : {\"errorCode\":110634,\"errorType\":1,\"defaultFormat\":\"One or more errors occurred.\",\"parameters\":[],\"innerErrors\":[{\"errorCode\":110636,\"errorType\":1,\"defaultFormat\":\"The field 'TotalInclVat' cannot be used on invoice line 1. Please clear this value when isInclVat is False.\",\"parameters\":[\"TotalInclVat\",\"1\",\"False\"],\"innerErrors\":[]}]}"
    }
  ],
  "artifacts": {
    "directory": "/home/runner/work/Vida/Vida/artifacts/scrada",
    "jsonPath": "/home/runner/work/Vida/Vida/artifacts/scrada/json-sent.json",
    "ublPath": null,
    "ublHeadersPath": "/home/runner/work/Vida/Vida/artifacts/scrada/headers-sent.txt",
    "errorPath": "/home/runner/work/Vida/Vida/artifacts/scrada/error-body.txt"
  },
  "headerSweep": true,
  "docValueIndex": null,
  "processValueIndex": null
}