<?xml version="1.0" encoding="UTF-8"?>
<Invoice xmlns="urn:oasis:names:specification:ubl:schema:xsd:Invoice-2" xmlns:cac="urn:oasis:names:specification:ubl:schema:xsd:CommonAggregateComponents-2" xmlns:cbc="urn:oasis:names:specification:ubl:schema:xsd:CommonBasicComponents-2">
  <cbc:CustomizationID>urn:cen.eu:en16931:2017</cbc:CustomizationID>
  <cbc:ProfileID>urn:fdc:peppol.eu:2017:poacc:billing:3.0</cbc:ProfileID>
  <cbc:ID>VIDA-20251108-81F666</cbc:ID>
  <cbc:IssueDate>2025-11-08</cbc:IssueDate>
  <cbc:DueDate>2025-12-08</cbc:DueDate>
  <cbc:InvoiceTypeCode>380</cbc:InvoiceTypeCode>
  <cbc:DocumentCurrencyCode listID="ISO4217">EUR</cbc:DocumentCurrencyCode>
  <cbc:BuyerReference>VIDA-20251108-81F666</cbc:BuyerReference>
  <cac:AccountingSupplierParty>
    <cac:Party>
      <cbc:EndpointID schemeID="0208">0755799452</cbc:EndpointID>
      <cac:PartyIdentification>
        <cbc:ID schemeID="0208">0755799452</cbc:ID>
      </cac:PartyIdentification>
      <cac:PartyName>
        <cbc:Name>Vida Supplier NV</cbc:Name>
      </cac:PartyName>
      <cac:PostalAddress>
        <cbc:StreetName>Koning Albert II-laan</cbc:StreetName>
        <cbc:BuildingNumber>21</cbc:BuildingNumber>
        <cbc:CityName>Brussels</cbc:CityName>
        <cbc:PostalZone>1000</cbc:PostalZone>
        <cac:Country>
          <cbc:IdentificationCode>BE</cbc:IdentificationCode>
        </cac:Country>
      </cac:PostalAddress>
      <cac:PartyTaxScheme>
        <cbc:CompanyID schemeID="VAT">BE0755799452</cbc:CompanyID>
        <cac:TaxScheme>
          <cbc:ID schemeID="UN/ECE 5153" schemeAgencyID="6">VAT</cbc:ID>
        </cac:TaxScheme>
      </cac:PartyTaxScheme>
      <cac:PartyLegalEntity>
        <cbc:RegistrationName>Vida Supplier NV</cbc:RegistrationName>
        <cbc:CompanyID schemeID="0208">0755799452</cbc:CompanyID>
      </cac:PartyLegalEntity>
    </cac:Party>
  </cac:AccountingSupplierParty>
  <cac:AccountingCustomerParty>
    <cac:Party>
      <cbc:EndpointID schemeID="0208">0755799452</cbc:EndpointID>
      <cac:PartyIdentification>
        <cbc:ID schemeID="0208">0755799452</cbc:ID>
      </cac:PartyIdentification>
      <cac:PartyName>
        <cbc:Name>Vida Sandbox Buyer</cbc:Name>
      </cac:PartyName>
      <cac:PostalAddress>
        <cbc:StreetName>Receiverstraat</cbc:StreetName>
        <cbc:BuildingNumber>5</cbc:BuildingNumber>
        <cbc:CityName>Antwerpen</cbc:CityName>
        <cbc:PostalZone>2000</cbc:PostalZone>
        <cac:Country>
          <cbc:IdentificationCode>BE</cbc:IdentificationCode>
        </cac:Country>
      </cac:PostalAddress>
      <cac:PartyLegalEntity>
        <cbc:RegistrationName>Vida Sandbox Buyer</cbc:RegistrationName>
        <cbc:CompanyID schemeID="0208">0755799452</cbc:CompanyID>
      </cac:PartyLegalEntity>
    </cac:Party>
  </cac:AccountingCustomerParty>
  <cac:TaxTotal>
    <cbc:TaxAmount currencyID="EUR">21.00</cbc:TaxAmount>
    <cac:TaxSubtotal>
      <cbc:TaxableAmount currencyID="EUR">100.00</cbc:TaxableAmount>
      <cbc:TaxAmount currencyID="EUR">21.00</cbc:TaxAmount>
      <cac:TaxCategory>
        <cbc:ID schemeID="UNCL5305" schemeAgencyID="6">S</cbc:ID>
        <cbc:Percent>21.00</cbc:Percent>
        <cac:TaxScheme>
          <cbc:ID schemeID="UN/ECE 5153" schemeAgencyID="6">VAT</cbc:ID>
        </cac:TaxScheme>
      </cac:TaxCategory>
    </cac:TaxSubtotal>
  </cac:TaxTotal>
  <cac:LegalMonetaryTotal>
    <cbc:LineExtensionAmount currencyID="EUR">100.00</cbc:LineExtensionAmount>
    <cbc:TaxExclusiveAmount currencyID="EUR">100.00</cbc:TaxExclusiveAmount>
    <cbc:TaxInclusiveAmount currencyID="EUR">121.00</cbc:TaxInclusiveAmount>
    <cbc:PayableAmount currencyID="EUR">121.00</cbc:PayableAmount>
  </cac:LegalMonetaryTotal>
  <cac:InvoiceLine>
    <cbc:ID>1</cbc:ID>
    <cbc:InvoicedQuantity unitCode="EA">1</cbc:InvoicedQuantity>
    <cbc:LineExtensionAmount currencyID="EUR">100.00</cbc:LineExtensionAmount>
    <cac:Item>
      <cbc:Description>Scrada sandbox service</cbc:Description>
      <cbc:Name>Scrada sandbox service</cbc:Name>
      <cac:ClassifiedTaxCategory>
        <cbc:ID schemeID="UNCL5305" schemeAgencyID="6">S</cbc:ID>
        <cbc:Percent>21.00</cbc:Percent>
        <cac:TaxScheme>
          <cbc:ID schemeID="UN/ECE 5153" schemeAgencyID="6">VAT</cbc:ID>
        </cac:TaxScheme>
      </cac:ClassifiedTaxCategory>
    </cac:Item>
    <cac:Price>
      <cbc:PriceAmount currencyID="EUR">100.00</cbc:PriceAmount>
    </cac:Price>
  </cac:InvoiceLine>
  <cac:PaymentMeans>
    <cbc:PaymentMeansCode>30</cbc:PaymentMeansCode>
    <cbc:PaymentID>VIDA-20251108-81F666</cbc:PaymentID>
  </cac:PaymentMeans>
  <cac:PaymentTerms>
    <cbc:Note>Payment due within 30 days</cbc:Note>
    <cbc:PaymentDueDate>2025-12-08</cbc:PaymentDueDate>
    <cbc:PaymentID>VIDA-20251108-81F666</cbc:PaymentID>
  </cac:PaymentTerms>
</Invoice>