{
  "success": false,
  "errorMessage": "[scrada] Exhausted send attempts (1) without success: [scrada] Failed to send UBL document (HTTP 500) : {\"errorCode\":-1,\"errorType\":1,\"defaultFormat\":\"The provided document type and process are invalid or currently not supported.\",\"parameters\":[],\"innerErrors\":[]}",
  "invoiceId": "VIDA-20251108-DDAAB4",
  "externalReference": "VIDA-20251108-DDAAB4",
  "vatVariant": "BE0755799452",
  "attempts": [
    {
      "attempt": 1,
      "channel": "ubl",
      "vatVariant": "BE0755799452",
      "success": false,
      "docValueIndex": 0,
      "processValueIndex": 0,
      "statusCode": 500,
      "errorMessage": "[scrada] Failed to send UBL document (HTTP 500) : {\"errorCode\":-1,\"errorType\":1,\"defaultFormat\":\"The provided document type and process are invalid or currently not supported.\",\"parameters\":[],\"innerErrors\":[]}"
    }
  ],
  "artifacts": {
    "directory": "/home/runner/work/Vida/Vida/artifacts/scrada",
    "jsonPath": "/home/runner/work/Vida/Vida/artifacts/scrada/json-sent.json",
    "ublPath": null,
    "ublHeadersPath": "/home/runner/work/Vida/Vida/artifacts/scrada/headers-sent.txt",
    "errorPath": "/home/runner/work/Vida/Vida/artifacts/scrada/error-body.txt"
  },
  "headerSweep": true,
  "docValueIndex": null,
  "processValueIndex": null
}